-- Скрипт наполнения базы данных склада маркетплейса
-- ====================================================================
BEGIN;

-- ------------------------------------------------------------
-- 1. Категории продуктов (добавляем новые категории)
-- ------------------------------------------------------------
INSERT INTO product_categories (category_id, name) VALUES
                                                       (8, 'Бытовая химия'),
                                                       (9, 'Электроника'),
                                                       (10, 'Товары для дома'),
                                                       (11, 'Игрушки'),
                                                       (12, 'Канцелярские товары'),
                                                       (13, 'Одежда'),
                                                       (14, 'Спортивные товары'),
                                                       (15, 'Автотовары'),
                                                       (16, 'Зоотовары');

-- ------------------------------------------------------------
-- 2. Поставщики
-- ------------------------------------------------------------
INSERT INTO providers (provider_id, name, description, address, phone_num, email) VALUES
                                                                                      (201, 'ООО "Электроника Плюс"', 'Оптовая торговля электроникой и бытовой техникой', 'г. Москва, ул. Радиотехников, 15', '+7 (495) 555-01-02', 'sales@electronics-plus.ru'),
                                                                                      (202, 'ЗАО "БытХим"', 'Производитель бытовой химии и средств гигиены', 'г. Нижний Новгород, пр. Химиков, 8', '+7 (831) 222-33-44', 'info@bythim.ru'),
                                                                                      (203, 'ИП "Домовёнок"', 'Товары для дома, посуда, текстиль', 'г. Казань, ул. Домоводов, 7', '+7 (843) 777-88-99', 'domovenok@mail.ru'),
                                                                                      (204, 'ООО "Игрушки Мир"', 'Игрушки оптом и в розницу', 'г. Воронеж, ул. Детская, 25', '+7 (473) 444-55-66', 'toyworld@yandex.ru'),
                                                                                      (205, 'ООО "Канцтовары оптом"', 'Поставки канцелярских принадлежностей', 'г. Новосибирск, ул. Бумажная, 3', '+7 (383) 111-22-33', 'office@kanc.ru'),
                                                                                      (206, 'ИП "Одежда Лайф"', 'Модная одежда для всей семьи', 'г. Санкт-Петербург, пр. Одежды, 10', '+7 (812) 999-88-77', 'clothing@life.ru'),
                                                                                      (207, 'ООО "СпортМастер"', 'Спортивные товары и инвентарь', 'г. Екатеринбург, ул. Спортивная, 5', '+7 (343) 555-66-77', 'zakaz@sportmaster.ru'),
                                                                                      (208, 'ЗАО "АвтоЗапчасти"', 'Автомобильные запчасти и аксессуары', 'г. Тольятти, ул. Автостроителей, 12', '+7 (848) 333-44-55', 'parts@auto.ru'),
                                                                                      (209, 'ООО "ЗооМагазин"', 'Товары для домашних животных', 'г. Ростов-на-Дону, ул. Собачья, 1', '+7 (863) 777-66-55', 'zoomagazin@mail.ru');

-- ------------------------------------------------------------
-- 3. Потребители (клиенты маркетплейса)
-- ------------------------------------------------------------
INSERT INTO consumers (consumer_id, name, description, address, phone_num, email) VALUES
                                                                                      (301, 'Иванов Иван Иванович', 'Постоянный покупатель', 'г. Москва, ул. Ленина, д. 5, кв. 10', '+7 (925) 111-22-33', 'ivanov@mail.ru'),
                                                                                      (302, 'Петрова Мария Сергеевна', 'Покупает товары для дома', 'г. Санкт-Петербург, пр. Мира, д. 20, кв. 45', '+7 (921) 222-33-44', 'petrova@yandex.ru'),
                                                                                      (303, 'ООО "Ромашка"', 'Магазин товаров повседневного спроса', 'г. Новосибирск, ул. Советская, 10', '+7 (383) 123-45-67', 'romashka@opt.ru'),
                                                                                      (304, 'Сидоров Алексей Петрович', 'Интересуется электроникой', 'г. Екатеринбург, ул. Гагарина, 3, кв. 78', '+7 (912) 333-44-55', 'sidorov@gmail.com'),
                                                                                      (305, 'Детский сад №15', 'Закупки для детского учреждения', 'г. Казань, ул. Садовая, 45', '+7 (843) 555-66-77', 'ds15@tatar.ru'),
                                                                                      (306, 'Козлова Елена Викторовна', 'Владелец двух собак', 'г. Воронеж, ул. Зелёная, 8, кв. 12', '+7 (952) 777-88-99', 'kozlova@list.ru'),
                                                                                      (307, 'ИП "Автолюбитель"', 'Магазин автозапчастей', 'г. Тольятти, ул. Промышленная, 30', '+7 (848) 666-55-44', 'auto-love@bk.ru'),
                                                                                      (308, 'Смирнова Татьяна Андреевна', 'Спортивная семья', 'г. Краснодар, ул. Олимпийская, 2, кв. 5', '+7 (918) 444-55-66', 'smirnova@inbox.ru'),
                                                                                      (309, 'Школа №7', 'Столовая и хознужды', 'г. Нижний Новгород, ул. Школьная, 15', '+7 (831) 777-88-99', 'school7@edu.ru'),
                                                                                      (310, 'Николаев Денис Сергеевич', 'Молодой родитель', 'г. Уфа, ул. Лесная, 12, кв. 34', '+7 (937) 222-33-44', 'nikolaev@bk.ru');

-- ------------------------------------------------------------
-- 4. Полки (стеллажи)
-- ------------------------------------------------------------
INSERT INTO shelfs_workload (shelf_num, room_num, workload_count) VALUES
                                                                      (101, 1, 150),   -- складское помещение 1
                                                                      (102, 1, 200),
                                                                      (103, 1, 120),
                                                                      (201, 2, 300),   -- помещение 2
                                                                      (202, 2, 250),
                                                                      (203, 2, 180),
                                                                      (301, 3, 400),
                                                                      (302, 3, 350);

-- ------------------------------------------------------------
-- 5. Продукты (товары)
-- ------------------------------------------------------------
INSERT INTO products (product_id, category_id, name, description, unit, size, units_for_one, storage_life) VALUES
-- Бытовая химия (8)
(8001, 8, 'Стиральный порошок Persil автомат 3 кг', 'Средство для стирки белья', 'kg', 'large', 1, INTERVAL '2 years'),
(8002, 8, 'Средство для мытья посуды Fairy 1 л', 'Концентрированное средство', 'kg', 'middle', 1, INTERVAL '1 year'),
(8003, 8, 'Туалетная бумага Zewa 8 рулонов', 'Мягкая многослойная', 'kg', 'middle', 8, INTERVAL '5 years'),
(8004, 8, 'Освежитель воздуха Glade автомат', 'Баллончик 250 мл', 'g', 'small', 250, INTERVAL '3 years'),
-- Электроника (9)
(9001, 9, 'Смартфон Xiaomi Redmi Note 11', '6 ГБ/128 ГБ, чёрный', 'kg', 'small', 1, INTERVAL '2 years'),
(9002, 9, 'Ноутбук Lenovo IdeaPad 3', '15.6", Intel Core i3', 'kg', 'large', 1, INTERVAL '2 years'),
(9003, 9, 'Наушники JBL Tune 510BT', 'Беспроводные, белые', 'kg', 'small', 1, INTERVAL '1 year'),
(9004, 9, 'Умная колонка Яндекс Станция Лайт', 'Голосовой помощник Алиса', 'kg', 'small', 1, INTERVAL '1 year'),
-- Товары для дома (10)
(10001, 10, 'Кастрюля нержавейка 3 л', 'С крышкой', 'kg', 'middle', 1, INTERVAL '5 years'),
(10002, 10, 'Сковорода тефлоновая 26 см', 'Антипригарное покрытие', 'kg', 'middle', 1, INTERVAL '3 years'),
(10003, 10, 'Набор контейнеров для еды (5 шт)', 'Пластиковые, герметичные', 'kg', 'small', 5, INTERVAL '5 years'),
-- Игрушки (11)
(11001, 11, 'Кукла Barbie', 'С аксессуарами', 'kg', 'small', 1, INTERVAL '10 years'),
(11002, 11, 'Конструктор LEGO City 60283', 'Пожарная машина', 'kg', 'middle', 1, INTERVAL '10 years'),
(11003, 11, 'Мягкая игрушка Мишка 30 см', 'Плюшевый', 'kg', 'small', 1, INTERVAL '5 years'),
-- Канцелярские товары (12)
(12001, 12, 'Бумага для офиса А4, 500 листов', 'Плотность 80 г/м²', 'kg', 'large', 500, INTERVAL '3 years'),
(12002, 12, 'Ручка шариковая синяя (упак. 10 шт)', 'Автоматическая', 'kg', 'small', 10, INTERVAL '5 years'),
(12003, 12, 'Тетрадь 48 листов в клетку', 'Твёрдая обложка', 'kg', 'small', 1, INTERVAL '5 years'),
-- Одежда (13)
(13001, 13, 'Футболка мужская хлопок, размер M', 'Чёрная', 'kg', 'middle', 1, INTERVAL '3 years'),
(13002, 13, 'Джинсы женские, размер S', 'Узкие', 'kg', 'small', 1, INTERVAL '3 years'),
(13003, 13, 'Кроссовки детские, размер 30', 'Светящиеся', 'kg', 'small', 1, INTERVAL '2 years'),
-- Спортивные товары (14)
(14001, 14, 'Мяч футбольный Adidas', 'Размер 5', 'kg', 'middle', 1, INTERVAL '2 years'),
(14002, 14, 'Гантели 2 кг (пара)', 'Резиновые', 'kg', 'small', 2, INTERVAL '10 years'),
(14003, 14, 'Коврик для йоги', 'Толщина 6 мм', 'kg', 'large', 1, INTERVAL '5 years'),
-- Автотовары (15)
(15001, 15, 'Моторное масло 5W-30 4 л', 'Синтетика', 'kg', 'large', 1, INTERVAL '3 years'),
(15002, 15, 'Щётки стеклоочистителя (пара)', 'Универсальные', 'kg', 'small', 2, INTERVAL '1 year'),
(15003, 15, 'Автомобильный видеорегистратор', 'Full HD', 'kg', 'small', 1, INTERVAL '1 year'),
-- Зоотовары (16)
(16001, 16, 'Корм для собак сухой Royal Canin 3 кг', 'Для взрослых', 'kg', 'large', 1, INTERVAL '1 year'),
(16002, 16, 'Наполнитель для кошачьего туалета 5 л', 'Комкующийся', 'kg', 'large', 1, INTERVAL '2 years'),
(16003, 16, 'Игрушка для кошек "Мышь"', 'С кошачьей мятой', 'g', 'small', 1, INTERVAL '5 years');

-- ------------------------------------------------------------
-- 6. Поставки (приход товара)
-- ------------------------------------------------------------
INSERT INTO supplies (supply_id, product_id, amount, time, provider_id, completed) VALUES
                                                                                       (8001, 8001, 100.0, '2026-03-01 09:00:00', 202, TRUE),
                                                                                       (8002, 8002, 150.0, '2026-03-02 10:15:00', 202, TRUE),
                                                                                       (8003, 8003, 200.0, '2026-03-03 11:30:00', 202, TRUE),
                                                                                       (8004, 8004, 300.0, '2026-03-04 12:45:00', 202, TRUE),
                                                                                       (9001, 9001, 50.0,  '2026-03-05 14:00:00', 201, TRUE),
                                                                                       (9002, 9002, 30.0,  '2026-03-06 15:15:00', 201, TRUE),
                                                                                       (9003, 9003, 100.0, '2026-03-07 16:30:00', 201, TRUE),
                                                                                       (9004, 9004, 80.0,  '2026-03-08 17:45:00', 201, TRUE),
                                                                                       (10001, 10001, 40.0, '2026-03-09 09:30:00', 203, TRUE),
                                                                                       (10002, 10002, 60.0, '2026-03-10 10:45:00', 203, TRUE),
                                                                                       (10003, 10003, 70.0, '2026-03-11 12:00:00', 203, TRUE),
                                                                                       (11001, 11001, 90.0, '2026-03-12 13:15:00', 204, TRUE),
                                                                                       (11002, 11002, 40.0, '2026-03-13 14:30:00', 204, TRUE),
                                                                                       (11003, 11003, 120.0,'2026-03-14 15:45:00', 204, TRUE),
                                                                                       (12001, 12001, 200.0,'2026-03-15 17:00:00', 205, TRUE),
                                                                                       (12002, 12002, 300.0,'2026-03-16 18:15:00', 205, TRUE),
                                                                                       (12003, 12003, 400.0,'2026-03-17 09:30:00', 205, TRUE),
                                                                                       (13001, 13001, 150.0,'2026-03-18 10:45:00', 206, TRUE),
                                                                                       (13002, 13002, 120.0,'2026-03-19 12:00:00', 206, TRUE),
                                                                                       (13003, 13003, 80.0, '2026-03-20 13:15:00', 206, TRUE),
                                                                                       (14001, 14001, 60.0, '2026-03-21 14:30:00', 207, TRUE),
                                                                                       (14002, 14002, 100.0,'2026-03-22 15:45:00', 207, TRUE),
                                                                                       (14003, 14003, 70.0, '2026-03-23 17:00:00', 207, TRUE),
                                                                                       (15001, 15001, 90.0, '2026-03-24 09:15:00', 208, TRUE),
                                                                                       (15002, 15002, 150.0,'2026-03-25 10:30:00', 208, TRUE),
                                                                                       (15003, 15003, 40.0, '2026-03-26 11:45:00', 208, TRUE),
                                                                                       (16001, 16001, 80.0, '2026-03-27 13:00:00', 209, TRUE),
                                                                                       (16002, 16002, 60.0, '2026-03-28 14:15:00', 209, TRUE),
                                                                                       (16003, 16003, 200.0,'2026-03-29 15:30:00', 209, TRUE);

-- ------------------------------------------------------------
-- 7. Заказы (расход товара)
-- ------------------------------------------------------------
INSERT INTO orders (order_id, product_id, amount, time, consumer_id, completed) VALUES
                                                                                    (7001, 8001, 2.0,  '2026-03-02 08:00:00', 301, TRUE),  -- Иванов купил порошок
                                                                                    (7002, 9001, 1.0,  '2026-03-03 09:30:00', 304, TRUE),  -- Сидоров смартфон
                                                                                    (7003, 10001, 1.0, '2026-03-04 10:45:00', 302, TRUE),  -- Петрова кастрюля
                                                                                    (7004, 11002, 2.0, '2026-03-05 12:00:00', 305, TRUE),  -- Детсад конструктор
                                                                                    (7005, 16001, 3.0, '2026-03-06 13:15:00', 306, TRUE),  -- Козлова корм для собак
                                                                                    (7006, 15001, 4.0, '2026-03-07 14:30:00', 307, TRUE),  -- Автолюбитель масло
                                                                                    (7007, 14001, 1.0, '2026-03-08 15:45:00', 308, TRUE),  -- Смирнова мяч
                                                                                    (7008, 12001, 5.0, '2026-03-09 17:00:00', 303, TRUE),  -- ООО Ромашка бумага
                                                                                    (7009, 13001, 2.0, '2026-03-10 18:15:00', 309, TRUE),  -- Школа футболки
                                                                                    (7010, 9003, 1.0,  '2026-03-11 09:30:00', 310, TRUE),  -- Николаев наушники
                                                                                    (7011, 8003, 4.0,  '2026-03-12 10:45:00', 301, FALSE), -- Иванов туалетная бумага (ещё не выполнен)
                                                                                    (7012, 10003, 2.0, '2026-03-13 12:00:00', 302, FALSE), -- Петрова контейнеры
                                                                                    (7013, 15003, 1.0, '2026-03-14 13:15:00', 304, TRUE),  -- Сидоров видеорегистратор
                                                                                    (7014, 13003, 1.0, '2026-03-15 14:30:00', 310, FALSE), -- Николаев кроссовки
                                                                                    (7015, 14002, 1.0, '2026-03-16 15:45:00', 308, TRUE),  -- Смирнова гантели
                                                                                    (7016, 9004, 2.0,  '2026-03-17 17:00:00', 303, FALSE); -- Ромашка колонки

-- ------------------------------------------------------------
-- 8. Учёт единиц товара (партии на складе)
-- ------------------------------------------------------------
INSERT INTO product_units (units_id, product_id, arrival, amount, shelf_num, supply_id, order_id) VALUES
-- Поставки (все товары пришли)
(10001, 8001, '2026-03-01 10:00:00', 100.0, 101, 8001, NULL),
(10002, 8002, '2026-03-02 11:00:00', 150.0, 101, 8002, NULL),
(10003, 8003, '2026-03-03 12:30:00', 200.0, 102, 8003, NULL),
(10004, 8004, '2026-03-04 13:45:00', 300.0, 102, 8004, NULL),
(10005, 9001, '2026-03-05 15:00:00', 50.0,  103, 9001, NULL),
(10006, 9002, '2026-03-06 16:15:00', 30.0,  103, 9002, NULL),
(10007, 9003, '2026-03-07 17:30:00', 100.0, 201, 9003, NULL),
(10008, 9004, '2026-03-08 18:45:00', 80.0,  201, 9004, NULL),
(10009, 10001,'2026-03-09 10:30:00', 40.0,  202, 10001, NULL),
(10010, 10002,'2026-03-10 11:45:00', 60.0,  202, 10002, NULL),
(10011, 10003,'2026-03-11 13:00:00', 70.0,  202, 10003, NULL),
(10012, 11001,'2026-03-12 14:15:00', 90.0,  203, 11001, NULL),
(10013, 11002,'2026-03-13 15:30:00', 40.0,  203, 11002, NULL),
(10014, 11003,'2026-03-14 16:45:00', 120.0, 203, 11003, NULL),
(10015, 12001,'2026-03-15 18:00:00', 200.0, 301, 12001, NULL),
(10016, 12002,'2026-03-16 19:15:00', 300.0, 301, 12002, NULL),
(10017, 12003,'2026-03-17 10:30:00', 400.0, 302, 12003, NULL),
(10018, 13001,'2026-03-18 11:45:00', 150.0, 302, 13001, NULL),
(10019, 13002,'2026-03-19 13:00:00', 120.0, 302, 13002, NULL),
(10020, 13003,'2026-03-20 14:15:00', 80.0,  302, 13003, NULL),
(10021, 14001,'2026-03-21 15:30:00', 60.0,  201, 14001, NULL),
(10022, 14002,'2026-03-22 16:45:00', 100.0, 202, 14002, NULL),
(10023, 14003,'2026-03-23 18:00:00', 70.0,  203, 14003, NULL),
(10024, 15001,'2026-03-24 10:15:00', 90.0,  301, 15001, NULL),
(10025, 15002,'2026-03-25 11:30:00', 150.0, 301, 15002, NULL),
(10026, 15003,'2026-03-26 12:45:00', 40.0,  302, 15003, NULL),
(10027, 16001,'2026-03-27 14:00:00', 80.0,  101, 16001, NULL),
(10028, 16002,'2026-03-28 15:15:00', 60.0,  102, 16002, NULL),
(10029, 16003,'2026-03-29 16:30:00', 200.0, 103, 16003, NULL),

-- Часть товара уже зарезервирована под заказы
(10030, 8001, '2026-03-01 10:00:00', 2.0, 101, 8001, 7001),   -- для заказа 7001
(10031, 9001, '2026-03-05 15:00:00', 1.0, 103, 9001, 7002),   -- для заказа 7002
(10032, 10001,'2026-03-09 10:30:00', 1.0, 202, 10001, 7003),  -- для заказа 7003
(10033, 11002,'2026-03-13 15:30:00', 2.0, 203, 11002, 7004),  -- для заказа 7004
(10034, 16001,'2026-03-27 14:00:00', 3.0, 101, 16001, 7005),  -- для заказа 7005
(10035, 15001,'2026-03-24 10:15:00', 4.0, 301, 15001, 7006),  -- для заказа 7006
(10036, 14001,'2026-03-21 15:30:00', 1.0, 201, 14001, 7007),  -- для заказа 7007
(10037, 12001,'2026-03-15 18:00:00', 5.0, 301, 12001, 7008),  -- для заказа 7008
(10038, 13001,'2026-03-18 11:45:00', 2.0, 302, 13001, 7009),  -- для заказа 7009
(10039, 9003, '2026-03-07 17:30:00', 1.0, 201, 9003, 7010),   -- для заказа 7010
(10040, 15003,'2026-03-26 12:45:00', 1.0, 302, 15003, 7013),  -- для заказа 7013
(10041, 14002,'2026-03-22 16:45:00', 1.0, 202, 14002, 7015);  -- для заказа 7015


select * from consumers;